Dealership Number,State,Median Salary,Annual Sales,Number of Vehicles Sold,Square Feet,Quality Award Winner?
1,Tennessee,38835,48682054.64,974,13557,n
2,Oregon,33797,45499806.42,910,15727,n
3,California,47178,88818463.17,1776,14289,n
4,Missouri,33193,62795959.94,1256,15261,n
5,Montana,41330,55451559.82,1109,12476,n
6,Colorado,40348,58169092.61,1163,16924,y
7,Louisiana,42194,82228604.14,1645,14859,n
8,Indiana,15836,18066868.12,361,12907,n
9,Georgia,35080,40485493.99,810,13802,y
10,New Jersey,44199,74419067.1,1488,13591,n
11,Kentucky,40693,65176984.38,1304,17002,n
12,New York,31635,45818082.34,916,15931,n
13,Delaware,21387,31199853.2,624,16504,n
14,North Dakota,37862,41039253.51,821,16097,n
15,Idaho,49401,68269399.02,1365,14487,n
16,Maine,57619,85338156.83,1707,16454,n
17,Tennessee,28389,45480463.23,910,15087,n
18,Montana,31715,39080559.67,782,16008,n
19,New Jersey,27046,32493016.44,650,14320,n
20,California,32989,42280083.35,846,14258,n
21,Arizona,18437,34219020.69,684,14354,n
22,Utah,25112,29643131.86,593,15562,n
23,Michigan,38133,73410541.16,1468,15696,n
24,Massachusetts,35885,52949254.12,1059,15344,n
25,Rhode Island,18902,26024121.1,520,17358,y
26,Louisiana,49525,53159845.89,1063,15415,y
27,North Dakota,16685,16717154.64,334,14373,n
28,Oregon,14981,24266790.61,485,14876,n
29,Maryland,23221,41751373.17,835,18539,n
30,Tennessee,23746,36841416.91,737,13185,n
31,New Hampshire,46985,52522651.09,1050,14263,n
32,New Jersey,48730,92485129.75,1850,14995,n
33,Ohio,24967,34669710.8,693,14468,n
34,Virginia,36498,59010149.11,1180,14414,n
35,Utah,22153,22174392.72,443,17809,y
36,Michigan,29814,45404121.11,908,12851,n
37,Virginia,31060,35198350.43,704,14089,n
38,Alaska,36012,56850005.4,1137,15543,n
39,Rhode Island,40239,60801494.28,1216,14474,n
40,Arizona,39074,74167921.26,1483,14661,n
41,Arkansas,40943,68264302.32,1365,13472,n
42,Nevada,29913,36357377.22,727,14203,n
43,Alaska,35990,57853269.16,1157,16918,n
44,Colorado,32822,42523068.69,850,14592,n
45,West Virginia,19977,37261492.33,745,15483,n
46,Utah,19427,34987478.35,700,16137,n
47,New Mexico,44140,45953896.62,919,15435,n
48,Rhode Island,34117,49278558.54,986,14357,n
49,New Mexico,28676,29423161.01,588,16551,y
50,Nevada,24877,25235175.99,505,16047,n
51,Ohio,31105,45038535.5,901,15119,n
52,Rhode Island,24071,32535898.52,651,14503,n
53,Arizona,35328,47265457.78,945,11726,n
54,Pennsylvania,42839,50587402.95,1012,15695,n
55,New Jersey,50451,53312133.82,1066,13748,n
56,Tennessee,33846,54655286.94,1093,13414,n
57,North Carolina,18819,29311821.27,586,15068,y
58,North Dakota,51633,51870931.8,1037,17830,n
59,Oklahoma,44262,49038095.2,981,15791,n
60,Ohio,37804,44854291.13,897,12580,n
61,Wisconsin,35098,63910364.94,1278,15281,n
62,Utah,34332,40496717.8,810,14337,n
63,South Carolina,56993,113946728.5,2279,15265,y
64,Nevada,49460,58159670.62,1163,14509,y
65,Pennsylvania,50664,56456645.97,1129,14101,n
66,Kansas,37618,47087863.22,942,18305,n
67,Arkansas,26822,36060654.8,721,13942,n
68,Illinois,19218,24287913.85,486,17010,n
69,Arkansas,17725,25598019.56,512,11930,n
70,Wyoming,36350,62005312.09,1240,15472,n
71,Utah,50229,96798468.53,1936,14701,y
72,Wisconsin,42007,64304658.14,1286,16517,n
73,West Virginia,41525,69715292.43,1394,12588,n
74,Texas,24987,36121281.42,722,16134,n
75,Alabama,15152,23778476.84,476,16520,y
76,Idaho,36314,47845698.02,957,16834,n
77,Michigan,25860,51432325.64,1029,17591,n
78,Oklahoma,31529,35305907.56,706,16355,n
79,Louisiana,45898,73612769.76,1472,14162,y
80,Rhode Island,45935,77753720.81,1555,14172,n
81,Mississippi,24053,36359914.82,727,13091,n
82,Maryland,34472,59265766.9,1185,13782,n
83,Virginia,48969,68127532.33,1363,15972,y
84,Alabama,52145,91666173.4,1833,15031,n
85,Maryland,28617,36285420.06,726,16896,n
86,Washington,23843,38209536.94,764,14561,y
87,New Jersey,29470,53053169.17,1061,12867,n
88,Nevada,53443,53746233.15,1075,18456,n
89,Indiana,30485,35683268.71,714,11856,y
90,Minnesota,53993,78038590.06,1561,16222,n
91,Alaska,48988,67741134.89,1355,13284,n
92,Alaska,15047,21449202.37,429,12705,y
93,Nevada,18926,25889789.1,518,14511,n
94,Georgia,16107,25640591.44,513,13572,n
95,New Hampshire,31436,56375671.58,1128,16271,y
96,Wyoming,45779,48488417.88,970,12546,n
97,Indiana,26548,41108033.56,822,16613,n
98,Colorado,41666,61274402.16,1225,13347,n
99,Ohio,34581,61739766.13,1235,15092,n
100,Wisconsin,31466,59520509.21,1190,15698,n
101,Pennsylvania,23522,30682908.18,614,17231,n
102,New Jersey,47131,78232177.95,1565,17851,n
103,Arkansas,34276,36089507.72,722,14190,n
104,Wyoming,27187,31475090.47,630,13332,y
105,Louisiana,16765,29680066.99,594,15580,n
106,Oregon,39126,64822287.71,1296,15275,y
107,Virginia,36813,44008323.17,880,14667,n
108,Utah,29902,57723243.31,1154,14781,n
109,Massachusetts,59656,98897481.51,1978,16234,n
110,Rhode Island,32512,53663501.73,1073,16342,y
111,New Mexico,26348,35233270.4,705,15529,n
112,Mississippi,20046,24939451.95,499,17585,n
113,California,43117,67006179.13,1340,14856,n
114,Pennsylvania,46845,87024365.47,1740,13846,n
115,South Dakota,24189,38918442.3,778,16776,n
116,Wyoming,33813,60728957.8,1215,15401,y
117,Ohio,25552,40901403.48,818,16396,n
118,Connecticut,18343,22726569.84,455,15020,y
119,Illinois,38868,51447380.76,1029,12058,n
120,Michigan,21607,23700844.02,474,14445,n
121,Kentucky,55919,98665274.45,1973,14560,n
122,Georgia,33360,59700568.28,1194,16868,y
123,Louisiana,21839,43002447.38,860,15941,n
124,Michigan,38668,39848316.59,797,13067,y
125,South Dakota,38619,74424397.17,1488,16947,y
126,California,42791,52352696,1047,15045,n
127,California,22055,40276696.26,806,14941,n
128,New Hampshire,26198,38608462.53,772,13040,n
129,Florida,14076,27775027.75,556,17147,n
130,Nebraska,39886,59397683.16,1188,13008,n
131,Vermont,51974,98824970.61,1976,16271,y
132,North Carolina,36298,55630013.67,1113,12603,n
133,Wyoming,38421,43997425.66,880,18116,n
134,Colorado,58848,81234758.69,1625,18768,n
135,Missouri,37503,46663230.58,933,14944,n
136,Delaware,31169,59301139.74,1186,13533,n
137,Montana,40239,44133736.38,883,16399,n
138,Maryland,29809,43629718.77,873,17614,n
139,Nebraska,58798,97460211.91,1949,15718,n
140,Maine,23766,44541378.92,891,13237,n
141,Maine,18150,24949928.3,499,16550,n
142,Connecticut,33522,49132062.68,983,14791,y
143,Mississippi,40177,57516642.69,1150,12612,n
144,New Hampshire,39902,41997810.1,840,15897,n
145,Montana,16325,26802604.68,536,14420,y
146,Kansas,34859,46829097.15,937,13623,n
147,Alabama,24499,43010646.88,860,15149,y
148,Idaho,43228,59870747.95,1197,15023,n
149,Tennessee,40940,47275724.48,946,14942,n
150,Alaska,41075,69472338.61,1389,15186,n
151,Nebraska,23239,28365595.39,567,15306.47396,y
152,Wyoming,39973,66494344.24,1330,16353.13945,n
153,Tennessee,24195,29509382.49,590,15024.95982,n
154,Alabama,32378,54955546.02,1099,14421.96034,n
155,Hawaii,34382,45802025.44,916,12940.58139,n
156,Georgia,62199,103680326.3,2074,15936.82983,n
157,Arkansas,43762,80395028.49,1608,15010.37092,n
158,Washington,46934,86120109.12,1722,14544.90637,n
159,Wisconsin,57481,87252464.57,1745,16286.83127,y
160,Minnesota,49152,92684458.38,1854,15929.62137,n
161,Alaska,28278,34401199.76,688,16732.76951,n
162,Ohio,41497,57263557.35,1145,14653.57917,n
163,Georgia,44817,76044336.32,1521,17025.64505,n
164,Florida,36776,71738593.58,1435,14488.36571,n
165,Missouri,58649,68720535.74,1374,14867.86403,y
166,Kentucky,48614,83540780.93,1671,16131.73151,n
167,Pennsylvania,38809,65646587.92,1313,13483.70819,n
168,New Hampshire,41162,51087788.33,1022,13517.99238,n
169,Washington,40208,55056761.13,1101,15518.53061,n
170,South Carolina,60335,86312449.71,1726,14433.18847,y
171,Indiana,17342,20339644.47,407,15301.26562,n
172,California,19981,38444757.6,769,14390.73012,n
173,Wisconsin,17783,33403399.53,668,15408.65265,n
174,Nevada,19316,36546894.1,731,15637.48795,n
175,Nebraska,50223,57028840.71,1141,15882.48909,y
176,Iowa,43300,65851021.54,1317,17428.54559,n
177,Washington,51608,65073468.89,1301,16353.56385,n
178,Alaska,32544,51720025.6,1034,16091.6209,n
179,Mississippi,49575,49623086.02,992,14382.62045,n
180,Idaho,32736,59975844.35,1200,13887.62712,n
181,Vermont,20456,20925040.59,419,14656.85325,n
182,Maine,37151,69544121.45,1391,16405.35239,n
183,Connecticut,19377,38394621.48,768,14726.44189,y
184,Michigan,44250,71272493.94,1425,14728.24937,y
185,South Carolina,46987,71135726.81,1423,15642.83436,y
186,Michigan,27380,42412312.27,848,16201.09397,n
187,New Hampshire,30734,43936273.22,879,11999.56251,y
188,South Carolina,25456,31767255.87,635,15991.82947,n
189,South Dakota,54448,89631154.88,1793,16511.44289,n
190,Minnesota,51119,85154143.28,1703,15071.64537,n
191,Arizona,47250,71354818.57,1427,12189.88448,y
192,West Virginia,40912,43297802.85,866,14172.66718,n
193,South Dakota,19056,20639672.51,413,14217.72082,n
194,Michigan,47906,77746493.83,1555,16580.75693,n
195,Illinois,47474,83092666.6,1662,13494.2636,n
196,Oklahoma,40585,71769235.75,1435,13500.06018,n
197,Arkansas,42161,42174831.61,843,12699.78911,n
198,South Carolina,42079,68123884.41,1362,13620.73022,n
199,Delaware,32215,49774479.21,995,11045.52866,n
200,Alabama,21335,35411580.89,708,13831.37727,n
201,Massachusetts,35598,62162994.01,1243,12927.18022,n
202,Missouri,53769,78670407.99,1573,16224.54985,n
203,Vermont,53977,93324501.34,1866,14664.08235,y
204,South Carolina,45762,78924171.1,1578,16120.00998,n
205,Massachusetts,38123,54579771.34,1092,14898.74063,n
206,Hawaii,18381,23933394.22,479,16807.11835,y
207,Kansas,16942,17320478.81,346,15309.4718,y
208,Missouri,55115,79845281.68,1597,16100.2885,n
209,Arizona,39143,69827466.66,1397,16604.54943,n
210,West Virginia,26936,40384181.77,808,15011.39474,n
211,Montana,26789,53407994.31,1068,14001.18262,n
212,Iowa,58937,89671666.63,1793,13763.47774,n
213,Minnesota,42335,52523270.26,1050,13329.78433,n
214,Colorado,45019,49870820.91,997,14023.48248,n
215,Maine,35489,42475654.52,850,12836.6108,y
216,Florida,35221,65187087.95,1304,16212.15848,n
217,Maine,41991,51199421.29,1024,17724.15504,n
218,New Jersey,39320,71395818.65,1428,13607.13122,n
219,Florida,42806,59150712.47,1183,14126.42851,n
220,Alabama,29480,32807146.16,656,16713.89583,n
221,Arizona,28685,55093596.52,1102,14414.91866,y
222,Pennsylvania,52105,91471829.34,1829,16835.81455,n
223,Wisconsin,58947,96017560.15,1920,15907.03465,y
224,Kentucky,39873,65240330.65,1305,13587.368,n
225,Virginia,52459,99699947.55,1994,14962.34654,n
226,Missouri,50417,95686103.69,1914,14564.51158,n
227,South Carolina,38001,48385516.91,968,12895.28609,y
228,Massachusetts,52156,75682229.07,1514,16200.7095,n
229,Illinois,36375,66174699.35,1323,16137.59619,n
230,Wyoming,57807,72666829.39,1453,17955.49973,n
231,Tennessee,24747,37945835.25,759,15042.77303,n
232,Indiana,42819,64228055.66,1285,13192.79907,n
233,Washington,47759,88853374.71,1777,14315.23515,n
234,Vermont,48435,75122408.61,1502,12497.19944,n
235,Kansas,17651,25706814.14,514,15074.26604,y
236,Washington,14904,18182979.78,364,14732.10089,n
237,Utah,39257,70670213.28,1413,16538.63405,n
238,Wisconsin,54176,60840577.02,1217,16203.61444,n
239,Iowa,60042,116318833.6,2326,15731.94483,y
240,Pennsylvania,50012,85733813.7,1715,16004.26872,y
241,Michigan,42314,67346541.24,1347,15249.50977,n
242,Pennsylvania,56297,94439150.22,1889,15751.45329,n
243,Kentucky,52269,85287236.76,1706,17063.35978,n
244,Louisiana,39080,39617610.26,792,17515.23373,y
245,New Jersey,55642,63993676.91,1280,15183.97836,n
246,Nebraska,52850,89966561.83,1799,16211.36928,n
247,Tennessee,45360,89810761.9,1796,13734.25192,n
248,Hawaii,45614,84894123.45,1698,13850.80804,n
249,Georgia,59542,105507539.7,2110,16983.4506,n
250,Kansas,51909,90311833.75,1806,13053.93929,n
251,Wisconsin,49242,81327945.7,1627,14951.14387,y
252,New Jersey,30821,57780702.26,1156,15552.77959,n
253,Iowa,24275,42059774.71,841,17881.43844,n
254,Pennsylvania,21658,32161068.86,643,13072.8432,n
255,Illinois,44490,85755408.56,1715,15369.08667,y
256,Hawaii,29481,49444084.29,989,17588.53452,n
257,Connecticut,45061,49507123.32,990,16994.08753,n
258,Delaware,20619,25839431.61,517,14517.50309,n
259,Arizona,22417,33147499.74,663,15874.62935,n
260,Virginia,41428,71378387.49,1428,16274.58775,n
261,Utah,51064,73235581.11,1465,13688.16155,n
262,Georgia,43628,70195119.31,1404,15931.64272,n
263,Arkansas,18681,29630200.61,593,17225.17538,n
264,Hawaii,50741,54573104.02,1091,13548.90504,n
265,Arkansas,51944,85767535.1,1715,17797.06597,n
266,Montana,45999,70998094.35,1420,14907.53006,n
267,South Dakota,37825,62098025.88,1242,15162.68392,n
268,Washington,26098,30746909.74,615,14167.79627,n
269,New York,55461,109606506.8,2192,15702.02694,n
270,Oklahoma,35421,54803063.36,1096,15489.82772,n
271,Washington,35875,46878661.62,938,15448.77628,n
272,Iowa,32317,48272806.95,965,14128.32834,n
273,Wyoming,48982,65822860.06,1316,15964.99782,n
274,Missouri,54724,61035622.28,1221,13655.82666,n
275,Alaska,44449,80799481.72,1616,14992.50071,n
276,Florida,25223,38632711.03,773,14338.09064,n
277,New Hampshire,57614,81665605.41,1633,11619.26807,y
278,Missouri,38794,65610749.54,1312,16575.39401,n
279,Nebraska,32044,59738221.94,1195,14134.9141,y
280,North Dakota,41811,57859457.6,1157,10456.44143,n
281,Idaho,58041,96201719.47,1924,11111.11554,n
282,Oregon,33215,53485169.89,1070,17000.64487,n
283,Mississippi,23980,32025743.87,641,14265.99003,n
284,Massachusetts,37568,54221034.54,1084,19073.53076,y
285,New York,37660,46031808.2,921,14686.06724,n
286,Indiana,40058,67435731.35,1349,16435.15305,n
287,Wisconsin,16592,29066307.64,581,14846.34537,n
288,Utah,51169,54086237.24,1082,12359.19476,y
289,Mississippi,32754,47117648.18,942,15110.67434,n
290,Indiana,52924,72546077.73,1451,13601.16505,n
291,Kansas,48809,84187363.62,1684,17247.019,n
292,Rhode Island,45478,81027897.14,1621,17961.53051,y
293,Wyoming,32882,42585002.31,852,14129.68872,y
294,California,17097,21408851.51,428,14389.89044,n
295,Alabama,52285,62966020.64,1259,14849.26151,y
296,New Hampshire,51535,87852932.59,1757,16635.26366,n
297,Washington,49219,91049560.76,1821,14146.31654,n
298,Texas,45831,49495302.99,990,13105.15468,n
299,Florida,52747,85268321.01,1705,12296.46836,n
300,Rhode Island,58772,96893659.94,1938,15864.21465,y
301,Indiana,45334,82013341.56,1640,15252.49646,n
302,West Virginia,53614,59941805.31,1199,14152.2763,y
303,Connecticut,25544,30914530.38,618,14342.75812,y
304,West Virginia,50473,100794332.8,2016,14850.87657,n
305,Massachusetts,45800,79136771.28,1583,15432.50025,n
306,Louisiana,47020,52681828.4,1054,15614.63417,n
307,Utah,35017,41399817.15,828,12513.64157,y
308,Maryland,36370,71428934.58,1429,16134.49391,n
309,Nevada,36525,36536972.55,731,16365.9831,n
310,Texas,27945,32840875.31,657,19052.25714,n
311,Pennsylvania,25375,34113343.95,682,15316.45108,y
312,Kentucky,38650,39667629.96,793,16325.33306,n
313,Pennsylvania,21364,35502645.42,710,14641.28684,n
314,Kansas,27648,52350218.8,1047,15370.69659,n
315,North Carolina,57040,107528661.7,2151,13829.92647,n
316,Illinois,20536,38557421.23,771,13948.42969,n
317,Arkansas,50733,101126748.6,2023,14987.75414,n
318,Hawaii,25318,31011406.61,620,16524.28938,n
319,Delaware,42426,64898053.96,1298,14328.56209,y
320,North Dakota,36086,40698557.06,814,17336.84964,y
321,West Virginia,39989,63444834.04,1269,19563.5708,n
322,Illinois,43581,83308468.66,1666,15416.38332,n
323,Hawaii,47844,66435260.55,1329,16282.93904,n
324,North Carolina,23087,39884168.57,798,13455.88775,n
325,Pennsylvania,33230,57228647.2,1145,11771.48471,n
326,Idaho,26041,32808235.07,656,17523.6325,y
327,New Hampshire,41327,70757658.49,1415,16776.72904,n
328,Nevada,51175,67216395.37,1344,14562.01661,n
329,Georgia,44901,49578515.82,992,15458.44838,n
330,New Mexico,44587,65960616.38,1319,17047.13991,n
331,Ohio,32600,57715546,1154,14148.45095,n
332,Maryland,60328,116375809.4,2328,16448.53754,n
333,Iowa,53153,63732517.54,1275,14002.27898,n
334,Oklahoma,68152,97850345.18,1957,13497.09159,n
335,Maine,41829,55240988.8,1105,12555.25399,n
336,Mississippi,62967,91940933.36,1839,14503.60769,n
337,Oklahoma,61131,120438580.9,2409,14353.30845,y
338,Illinois,48044,85824802.48,1716,18147.2469,n
339,Wyoming,48100,54149392.44,1083,15682.19583,n
340,Oklahoma,13813,18047752.17,361,15430.24941,y
341,Iowa,51636,78716182.43,1574,11949.99748,y
342,Nevada,33812,36375942.67,728,11790.29309,n
343,Oklahoma,41449,69582613.07,1392,15368.84857,n
344,Kansas,33960,58805667.84,1176,13252.28033,n
345,Virginia,21848,41387500.55,828,15965.35434,n
346,Wisconsin,52703,55647290.1,1113,14526.16828,n
347,California,24740,36191721.76,724,15558.21877,n
348,Arizona,54176,99368879.15,1987,18468.69175,n
349,Iowa,27958,54420387.52,1088,13571.1165,n
350,Pennsylvania,20776,28124118.11,562,16852.9891,n
351,Alaska,51987,69822885.27,1396,13049.62922,n
352,North Carolina,34471,35359992.79,707,16414.97622,n
353,Illinois,41879,74807072.02,1496,13186.33796,n
354,Oregon,52538,53686808.03,1074,13276.1476,n
355,North Carolina,52445,70715248.6,1414,15665.65198,y
356,Michigan,41216,44971488.89,899,14843.77274,n
357,Mississippi,40800,61336906.57,1227,13482.21549,n
358,New Jersey,18074,34636230.18,693,14861.15121,n
359,Louisiana,51083,74497704.58,1490,14825.2411,n
360,Maryland,31727,39306963.7,786,13568.88627,n
361,Colorado,22015,40521995.56,810,14501.56354,y
362,Nebraska,47993,83761373.23,1675,14211.03814,n
363,West Virginia,30928,38570866.95,771,15230.1384,n
364,Arizona,50241,77107597.59,1542,15420.39155,n
365,Ohio,51602,65525120.89,1311,11447.41579,n
366,Vermont,25736,48659507.66,973,13667.94276,y
367,New Hampshire,51244,66281889.53,1326,12996.86268,n
368,Illinois,52358,88535587.1,1771,15082.28629,n
369,Kentucky,38343,55060195.15,1101,13222.20007,n
370,Michigan,38074,44214776.47,884,15411.41915,n
371,Iowa,21153,26938831.05,539,15611.70835,n
372,Arizona,38885,76152288.17,1523,14837.48358,n
373,Texas,23510,40080072.69,802,12854.06225,y
374,Montana,34840,68164741.29,1363,15993.33633,n
375,Illinois,39053,77704103.17,1554,11243.89561,n
376,Texas,47007,55450969.64,1109,18749.59477,n
377,North Dakota,31159,51470136.61,1029,16317.06408,n
378,New Jersey,47635,93546321.46,1871,14181.63454,n
379,South Dakota,30020,37722269.04,754,15953.78932,n
380,Virginia,37209,70960777.22,1419,15769.78004,n
381,Vermont,46028,83667440.14,1673,13145.51864,n
382,Georgia,41384,74225070.9,1485,16212.84823,n
383,Nevada,59227,71645117.49,1433,14319.56671,n
384,New Mexico,26441,31750785.53,635,14219.31677,n
385,Oklahoma,26032,48064719.93,961,15217.77276,n
386,Hawaii,23469,33722263.17,674,13617.67375,y
387,Ohio,36019,66279282.06,1326,15856.43115,n
388,Maryland,27177,49285689.92,986,15836.90646,n
389,South Dakota,35090,40450535.22,809,15820.21758,n
390,Florida,49636,51222336.27,1024,14606.44646,n
391,New Mexico,25062,37431160.78,749,14709.24556,n
392,Indiana,56566,102510066.7,2050,14669.26747,n
393,West Virginia,16510,20847892.33,417,14288.9519,n
394,California,29249,50157119.96,1003,13523.66197,y
395,North Dakota,21517,33621439.46,672,17592.78527,n
396,Arkansas,40350,79606465.98,1592,17001.12367,n
397,New York,53011,59775113.89,1196,15700.01185,n
398,Texas,40589,47360423.11,947,14407.42102,n
399,Illinois,21593,28552133.4,571,14026.38278,n
400,Alabama,41153,81971848.94,1639,16973.9162,y
401,Virginia,42591,64138919.95,1283,16152.13809,y
402,Utah,26389,26968707.47,539,16673.43126,n
403,Louisiana,38695,51213068.01,1024,16014.45329,n
404,Nevada,47386,80664028.88,1613,17500.65063,n
405,New Hampshire,46690,61930955.79,1239,16365.25737,n
406,Wyoming,17342,19117204.91,382,12221.51721,n
407,Delaware,48657,62170881.18,1243,15680.99111,n
408,California,22186,31284656.28,626,18184.70726,n
409,Minnesota,17640,21620550.16,432,15644.96638,y
410,New Jersey,51470,89862985.63,1797,15116.60148,n
411,Pennsylvania,18498,33617174.42,672,15933.40449,n
412,South Carolina,46395,69068240.2,1381,14626.01916,n
413,Kentucky,26523,26759212.36,535,18684.6476,n
414,Oklahoma,24395,28617820.98,572,12636.64474,n
415,Alaska,23437,44805961.21,896,16905.55123,y
416,Maine,54803,58877899.19,1178,14335.80011,n
417,Washington,35620,51257290.68,1025,14359.47997,n
418,Rhode Island,29769,50982293.09,1020,14983.86295,n
419,Illinois,55270,100513866.2,2010,14295.91568,n
420,Oregon,55850,67466659.08,1349,11982.52919,n
421,Alabama,41153,55481127.42,1110,14261.47757,y
422,New Mexico,26135,33833056.4,677,18330.50274,n
423,Maine,56038,78262043.37,1565,11879.14882,n
424,Tennessee,60491,112189513.4,2244,15889.23572,n
425,Georgia,17389,28504994.96,570,14206.61736,y
426,Colorado,37678,53226158.28,1065,15803.39533,n
427,Georgia,19076,35286564.74,706,16827.67992,n
428,Tennessee,21288,29365784.34,587,14794.80758,n
429,California,27470,36597284.37,732,13285.95069,y
430,Florida,51695,78848479.67,1577,14878.25712,y
431,Georgia,38379,39165861.15,783,14521.69763,n
432,Vermont,37269,52499038.34,1050,14685.40543,n
433,Kentucky,41058,48530347.09,971,17353.30499,n
434,Vermont,28859,41893054.64,838,17761.38799,n
435,Mississippi,32074,63587196.58,1272,15539.95345,n
436,Alaska,36047,57912075.72,1158,13856.47856,n
437,Arizona,55934,66020764.42,1320,14314.8219,n
438,Tennessee,36059,63775155.44,1276,17635.94367,n
439,Kansas,24011,34188204.49,684,13511.38363,n
440,New Hampshire,59687,116742072.7,2335,14321.80023,y
441,New Hampshire,16379,27980997.62,560,16222.74366,n
442,Oregon,47726,87208587.93,1744,14292.60135,n
443,Michigan,46274,80795746.76,1616,15331.26583,n
444,Hawaii,38920,73751159.17,1475,14367.72916,n
445,Arizona,43333,74710450.86,1494,15920.23409,n
446,South Dakota,22783,41710131.19,834,15143.06134,n
447,Florida,48245,58232318.49,1165,14000.1205,y
448,Nebraska,29693,56401647.57,1128,14186.9889,y
449,New York,50973,66796159.34,1336,15288.34857,n
450,Ohio,60040,74919085.55,1498,14256.73655,n
451,Connecticut,25960,38949362.74,779,15556.80666,n
452,Ohio,31154,38968805.11,779,14026.42774,n
453,Indiana,48912,82654465.88,1653,14964.22194,n
454,Indiana,32408,59540820.65,1191,14651.21195,n
455,North Dakota,43876,59682303.98,1194,12879.77255,n
456,New Mexico,52219,103924938,2078,15762.13169,n
457,Illinois,38033,62405220.95,1248,16084.25211,n
458,North Dakota,34190,66810727.7,1336,15617.42113,n
459,Vermont,43038,54432431.87,1089,15710.52665,y
460,Montana,51338,60992604.41,1220,13370.31813,n
461,Colorado,36758,56633131.97,1133,14282.32828,n
462,Kansas,17889,27828493.45,557,16383.58808,n
463,Virginia,35473,66553716.34,1331,15650.76587,n
464,Rhode Island,50799,62344072.62,1247,14185.13299,n
465,Wisconsin,49968,67019270.68,1340,15438.17896,y
466,Delaware,34938,64941010.54,1299,15816.76575,n
467,Colorado,28296,42637681.05,853,16104.59967,n
468,California,49655,65432786.71,1309,13944.44497,n
469,New Hampshire,45410,63243635.01,1265,15643.57717,n
470,South Carolina,52936,67823104.35,1356,18810.96864,y
471,Hawaii,21589,38019792.01,760,13714.5111,n
472,Tennessee,25688,27800130.03,556,19827.84426,n
473,Arizona,53495,54902577.56,1098,15289.81242,n
474,Texas,31233,39272875.04,785,13418.2792,n
475,Missouri,57229,108537766.7,2171,14164.45733,y
476,Massachusetts,25667,30745989.37,615,15818.38766,n
477,Virginia,39061,70212887.78,1404,14787.91706,n
478,New Hampshire,41633,57429433.56,1149,14453.31805,y
479,Indiana,32420,63398915.26,1268,13664.91692,y
480,Hawaii,51350,98558409.76,1971,15088.6976,n
481,North Carolina,17349,26180322.66,524,14759.14369,n
482,North Carolina,24630,39357761.91,787,13525.48853,n
483,Delaware,58853,86937280.48,1739,18651.60154,n
484,New Mexico,37683,63283721.41,1266,14703.71858,n
485,Virginia,40734,75534839,1511,14282.92759,n
486,New York,43289,79570313.13,1591,15642.37787,n
487,Illinois,35318,51964790.69,1039,14853.20503,n
488,Oregon,51715,52892124.99,1058,13699.519,n
489,Montana,37659,67852371.7,1357,15345.72448,n
490,Minnesota,37313,71525518.45,1431,12928.01459,n
491,Iowa,58221,90725624.85,1815,16207.33452,n
492,Arizona,46143,64272162.36,1285,14892.49099,n
493,Georgia,43577,82286441.74,1646,14529.94586,y
494,Pennsylvania,39838,69912177.98,1398,15125.98979,y
495,Wisconsin,34452,41828817.25,837,15169.67044,n
496,Tennessee,61845,101168298.3,2023,17557.14835,n
497,Oregon,53030,80344443.31,1607,13586.77032,y
498,Kansas,63949,112647442.6,2253,14194.93196,n
499,Texas,36937,53099438.91,1062,16746.05425,y
500,Pennsylvania,52103,78535289.74,1571,16251.25471,n
501,Idaho,30437,43506444.93,870,14756.9943,n
502,Arizona,68179,91727217.78,1835,14852.34587,n
503,Nebraska,41274,73164594.51,1463,14832.37259,n
504,Oregon,70259,106464190.7,2129,14062.31293,n
505,Colorado,63530,113837816.9,2277,13114.62309,y
506,Washington,55595,80653718.47,1613,15642.8684,n
507,Louisiana,42145,46555885,931,15691.69,n
508,South Dakota,16936,31700234.5,634,13196.51784,n
509,Utah,25541,45386133.48,908,14599.42276,y
510,Colorado,25571,51073812.87,1021,13777.8199,n
511,New York,40196,42897180.52,858,15385.1934,n
512,Missouri,27547,43076535.16,862,15171.95196,n
513,California,21806,34933660.23,699,14242.06224,n
514,Mississippi,24480,31119746.93,622,16212.04878,n
515,Ohio,19272,21140678.1,423,18770.10842,n
516,Arkansas,37269,67829203.54,1357,14517.56093,n
517,South Dakota,52243,71400516.87,1428,15447.25297,n
518,Colorado,22652,30690980.66,614,14466.17889,n
519,Massachusetts,45163,52070619.59,1041,14440.19914,n
520,Nebraska,37632,57454257.82,1149,15642.12956,n
521,New Jersey,16321,28280084.34,566,14068.18343,n
522,Mississippi,52804,66767083.49,1335,15178.64659,n
523,Nebraska,45077,59914197.05,1198,14490.92834,n
524,Maine,32168,59900493.29,1198,14690.55103,n
525,Nebraska,22803,36112693.48,722,15514.80587,y
526,Florida,53926,95887750.35,1918,17058.44659,y
527,Minnesota,47288,53026300.68,1061,13356.46208,n
528,Montana,32185,48920066.74,978,17641.7564,n
529,New Jersey,26042,47673751.75,953,12029.78313,n
530,West Virginia,56123,89362562.01,1787,14252.69658,y
531,New Mexico,22272,28211536.18,564,15581.59838,n
532,West Virginia,43447,77787842.09,1556,13898.08179,n
533,Michigan,31546,32611127.53,652,14983.12903,n
534,Missouri,48694,93580465.21,1872,15431.53395,n
535,North Dakota,51242,51249291.85,1025,13820.05378,n
536,Utah,37686,69719040.08,1394,14227.7111,n
537,North Carolina,41590,51088133.5,1022,14317.24423,n
538,Nevada,50601,93059343.29,1861,15069.53146,n
539,Missouri,21260,34288704.24,686,15358.14977,n
540,Ohio,18765,19199811.15,384,16634.01361,y
541,Kansas,43006,70377914.14,1408,14859.6553,n
542,Virginia,39998,74097057.97,1482,15217.3258,n
543,Maryland,17864,22671382.9,453,15987.73062,n
544,Florida,54777,85533363.62,1711,14163.4645,y
545,New York,49177,71347245.08,1427,15245.65534,n
546,Missouri,18894,22575950.54,452,14365.00275,n
547,Colorado,18772,34679098.58,694,16810.20584,n
548,Maryland,35955,57440980.53,1149,15035.03004,n
549,Hawaii,28920,43905785.18,878,14952.2493,n
550,Oklahoma,22748,42285078.37,846,14898.69292,n
551,Utah,45843,62542001.21,1251,15803.86141,n
552,South Carolina,20191,29568369.35,591,11796.13014,y
553,Alabama,49932,86091764.37,1722,14443.93452,y
554,California,23633,36810651.7,736,15344.34184,n
555,Kentucky,32811,49058066.77,981,13905.6804,n
556,Oregon,37982,68672400.04,1373,14424.46003,n
557,Vermont,47150,90705653.57,1814,17593.9866,n
558,Rhode Island,30359,51682441.91,1034,11504.33507,n
559,Utah,36865,45403671.01,908,15505.06041,n
560,North Dakota,39378,74614389.34,1492,13118.04909,n
561,Missouri,41278,78559573.91,1571,14977.92989,n
562,Texas,22728,39515058.91,790,14831.95567,y
563,Connecticut,53554,92745668.03,1855,16745.5134,y
564,Tennessee,38934,69621451.62,1392,14338.59808,n
565,Idaho,24631,31973784.55,639,17026.15314,n
566,Ohio,20090,21539564.75,431,12911.06091,n
567,Maine,41969,68998853.92,1380,13458.3294,n
568,Ohio,20412,29308460.52,586,13849.48068,n
569,Rhode Island,58301,94515058.06,1890,14951.25032,n
570,South Dakota,49446,56114680.88,1122,12017.60584,n
571,Colorado,24881,35772039.09,715,13501.3595,n
572,Ohio,46739,71283606.5,1426,14996.01045,n
573,Illinois,20152,32301121.1,646,15010.39981,n
574,Pennsylvania,21008,38289653,766,13156.70566,n
575,New Hampshire,52484,70069502.7,1401,14431.53237,y
576,Florida,33977,49801700.42,996,14281.85561,n
577,Delaware,42626,58867363.73,1177,16284.5212,n
578,Ohio,49953,50733711.89,1015,15216.29934,n
579,South Dakota,35301,46061439.32,921,15841.56556,n
580,New Jersey,52607,60440855.39,1209,16724.11535,n
581,Mississippi,43122,68822020.44,1376,16145.14965,y
582,New York,22843,36880619.55,738,15491.74572,n
583,Michigan,45880,58640469.02,1173,16103.81444,n
584,Connecticut,17704,26790522.48,536,16360.30433,y
585,Pennsylvania,50414,99162966.59,1983,14995.78986,n
586,Delaware,25961,34465097.83,689,16609.22187,n
587,Louisiana,47590,78407627.15,1568,14440.28874,n
588,Iowa,21859,23686347.42,474,15593.23853,n
589,North Dakota,43144,67225892.66,1345,13066.34411,n
590,Massachusetts,54604,59169432.47,1183,14663.18634,n
591,Missouri,55373,72029112.69,1441,16072.54268,n
592,Maine,36691,53885328.32,1078,13794.87805,n
593,Iowa,44723,69496660.95,1390,16143.22107,n
594,Utah,45175,81094031.06,1622,15651.24433,n
595,Vermont,35834,53864198.13,1077,16756.08714,n
596,New Jersey,25693,39148680.08,783,15006.89103,n
597,Alabama,32145,44020131.06,880,14965.27573,n
598,Virginia,15275,18842745.73,377,14182.23354,n
599,Maine,43990,45462421.18,909,17129.74902,n
600,North Carolina,44217,86407347.12,1728,16096.90057,y
601,Texas,53620,103690971.4,2074,14224.78013,n
602,Nevada,50314,64802575.77,1296,17396.37375,n
603,North Dakota,22380,39660493.95,793,17425.507,n
604,Delaware,33544,46353938.81,927,14198.82364,n
605,Montana,48890,84702473.82,1694,15711.55087,n
606,Pennsylvania,22467,34644615.77,693,17584.87154,n
607,California,34119,38931494.18,779,19485.97045,n
608,Kentucky,27410,53089274.58,1062,18088.94361,n
609,Alaska,22525,25147817.98,503,12883.76509,y
610,Arkansas,31711,57917930.51,1158,14651.70402,n
611,Alaska,19684,28462892.61,569,15345.17861,n
612,Nebraska,35504,59324801.77,1186,14140.98476,y
613,Kentucky,40590,63189244.26,1264,15566.52171,n
614,Nebraska,44537,67507814.86,1350,18774.45,n
615,Texas,53089,103411570.1,2068,14420.68574,n
616,Wisconsin,26927,47795278.92,956,14770.69958,n
617,Oklahoma,28453,29796280.28,596,13157.39501,y
618,Wisconsin,30845,32368954.94,647,14708.62514,n
619,Mississippi,20796,29600228.12,592,15902.69325,y
620,Kentucky,50757,84918483.54,1698,14989.30548,n
621,Idaho,55212,101272046.3,2025,14227.89519,n
622,New Mexico,17626,24960720.31,499,14701.92007,y
623,Hawaii,15019,25166165.97,503,15830.17984,n
624,South Carolina,20038,25825846.76,517,15436.01395,y
625,California,58534,68400712.82,1368,16459.84505,n
626,Vermont,49433,83174332.85,1663,14043.64173,n
627,Kentucky,16818,24442831.64,489,17430.3335,n
628,Idaho,55656,100338693.6,2007,14155.44167,y
629,Massachusetts,48697,51350421.65,1027,18600.54566,y
630,Maryland,32278,63993119.1,1280,16196.39286,n
631,Alabama,19673,26935032.21,539,15716.42271,n
632,Pennsylvania,24248,43656204.53,873,12624.75325,y
633,South Dakota,33064,37734716.55,755,14122.0406,n
634,Delaware,27579,48566655.68,971,14815.93246,n
635,Rhode Island,48725,96496138.31,1930,15065.82777,n
636,Maine,45782,64109100.15,1282,13354.26549,n
637,Wyoming,23475,42309905.48,846,13363.46461,n
638,Kansas,23847,32472941.13,649,14893.38345,y
639,Louisiana,59491,61257662.76,1225,14668.08016,n
640,Montana,47955,66902679.51,1338,12936.16,n
641,New Jersey,48351,91773217.59,1835,17445.41994,n
642,North Carolina,38978,43112285.76,862,12966.15009,n
643,Louisiana,51452,87426621.57,1749,15095.64235,y
644,Montana,36277,51454506.75,1029,13481.57724,n
645,West Virginia,12476,15609847.32,312,15140.40001,y
646,New Jersey,33727,45640304.54,913,15338.34872,n
647,Texas,23565,35372858.86,707,14914.67677,n
648,Minnesota,42571,65492493.82,1310,15154.43256,n
649,South Carolina,18790,33049255.56,661,15505.71835,n
650,Montana,56202,81232499.4,1625,14310.1167,y
651,West Virginia,20852,30898101.16,618,15405.97944,n
652,Minnesota,42133,82197008.05,1644,14866.88187,n
653,Nevada,31016,33989900.68,680,12065.94385,n
654,Kentucky,33770,48145172.06,963,14721.64572,n
655,California,53901,78219160.45,1564,14728.45008,n
656,New Jersey,55145,109707506.2,2194,14870.85398,y
657,Oregon,35647,45128461.07,903,16683.13502,n
658,North Dakota,41046,77467129.23,1549,16351.5349,n
659,Florida,47319,55246103.2,1105,11791.40865,n
660,Colorado,51198,78484869.55,1570,12390.18856,n
661,Mississippi,27653,37605161.32,752,17368.11593,n
662,New Mexico,37567,47582000.83,952,14282.87322,n
663,Michigan,56214,89461663.7,1789,14105.84333,n
664,Texas,35811,46028008.19,921,15364.09485,n
665,California,49774,55579615.68,1112,14259.08853,n
666,Louisiana,50564,51963729.44,1039,15481.06983,n
667,Connecticut,36309,57758454.92,1155,14487.35594,n
668,Delaware,49627,57554659.7,1151,13900.93414,n
669,Nebraska,42209,83527904.25,1671,13956.43603,n
670,Alaska,46906,64943005.12,1299,14423.0456,y
671,Kansas,69608,101925725.4,2039,14969.45863,y
672,Ohio,48686,56490913.23,1130,14918.35981,n
673,West Virginia,37083,71174245.03,1423,15072.17304,n
674,North Carolina,41179,41399710.75,828,17038.65543,n
675,Hawaii,47128,67323708.33,1346,14260.24512,n
676,New Hampshire,32637,50210064.68,1004,15652.16691,n
677,Alabama,37502,51260914.08,1025,16060.85772,n
678,Wyoming,54560,103441882.1,2069,15042.05431,n
679,Maryland,50879,64183380.76,1284,17244.35893,n
680,Indiana,24595,25640280.37,513,15572.89501,y
681,Minnesota,25403,28361588.86,567,16844.09524,n
682,Maine,13410,22671149.5,453,16460.20484,n
683,Oklahoma,20807,32577783.76,652,15964.78459,n
684,Montana,52383,102982822.5,2060,16120.22676,n
685,Georgia,25213,38318904.77,766,16470.62139,n
686,Utah,55339,65289871.4,1306,13551.23097,y
687,North Dakota,22754,30829714.94,617,16992.64898,y
688,Connecticut,20880,40222838.5,804,15663.45963,n
689,Oregon,16498,16632483.31,333,15040.689,y
690,Ohio,36670,58237043.76,1165,17428.46708,n
691,Pennsylvania,54852,85931338.96,1719,13896.27321,y
692,Idaho,53413,89799059.2,1796,16816.44365,y
693,Iowa,39353,39747910.9,795,13128.02925,n
694,Wisconsin,38638,41604966.69,832,16236.3541,n
695,Washington,37855,47708204.85,954,15849.78098,y
696,Georgia,46736,53342935.36,1067,11593.4616,y
697,Wisconsin,32742,58218689.89,1164,16263.29777,n
698,Connecticut,36390,65967845.64,1319,16557.49943,n
699,Kentucky,50211,56144529.7,1123,11833.8251,n
700,Pennsylvania,33979,53033197.87,1061,17918.84666,n
701,Connecticut,25470,29528103.16,591,14298.11663,n
702,Minnesota,22920,36327561.52,727,13831.75994,n
703,California,21892,37503117.48,750,13758.49929,n
704,Utah,35739,55879170.08,1118,15505.76274,n
705,Nebraska,40653,62344099.89,1247,15005.5911,n
706,Maryland,50556,59178214.2,1184,16031.65789,n
707,Massachusetts,20213,28314065.4,566,17104.2682,n
708,Iowa,26430,49507034.56,990,14517.63569,n
709,North Dakota,46088,77897174.72,1558,13301.01181,y
710,California,45741,82272454.15,1645,12457.34292,n
711,Wisconsin,37841,53899617.3,1078,13195.05538,n
712,Vermont,54571,73686519.13,1474,14414.6089,n
713,Florida,50205,92368599.91,1847,15543.22948,n
714,Michigan,23516,35194340.59,704,13592.48852,n
715,Wyoming,41646,43049888.71,861,14926.99446,y
716,Alabama,29910,34274399.89,685,13729.39873,y
717,Louisiana,29553,32367022.79,647,14445.76066,n
718,Missouri,48065,79508593.8,1590,15643.48978,n
719,Rhode Island,47330,87660335.56,1753,17812.16946,n
720,Iowa,22069,41936441.11,839,13799.18934,n
721,Connecticut,24611,46943919.08,939,16970.78643,y
722,Arizona,20698,27972217.53,559,14570.95817,n
723,Kentucky,19223,30926948.93,619,18058.0792,n
724,Kansas,54176,77681797.12,1554,14958.23934,y
725,New Mexico,58714,73346462.1,1467,14863.13469,n
726,Vermont,54116,85255510.17,1705,13407.09868,n
727,New Hampshire,50922,68774538.48,1375,14723.11083,n
728,Florida,28019,47213437.95,944,13626.53474,n
729,Idaho,34844,46744235.06,935,14556.4992,n
730,Vermont,48900,88623630.28,1772,15466.70249,n
731,Tennessee,39404,59299720.07,1186,16471.42714,y
732,Tennessee,58012,71869506.19,1437,14682.99599,n
733,Washington,30300,33517838.28,670,15093.32617,n
734,Iowa,22911,34462854.32,689,13368.33358,n
735,New Mexico,32616,49580224.65,992,16002.61643,y
736,New Hampshire,23622,32369505.64,647,11419.00026,n
737,Maine,57399,80489329.05,1610,14174.00661,n
738,New York,51743,96720688.91,1934,13329.49675,y
739,Montana,32044,57537144.56,1151,13215.85841,n
740,New York,46880,79686596.3,1594,15904.03718,y
741,Kansas,20907,27687378.47,554,12938.92547,n
742,Iowa,50530,69038790.43,1381,14076.18843,n
743,South Carolina,35188,44881988.29,898,17298.7155,n
744,Wyoming,39721,44397731.41,888,16204.0908,n
745,Oklahoma,28695,52173361.97,1043,12245.97558,n
746,Kentucky,50674,64596741.18,1292,12612.22071,n
747,West Virginia,45891,46788222.81,936,16036.41767,n
748,Colorado,23712,35532214.91,711,13141.30236,y
749,Colorado,47049,92291718.13,1846,15135.12988,n
750,New York,30294,44854280.71,897,16226.72072,y
751,Alabama,24196,27466690.41,549,13355.6852,n
752,Indiana,54782,95383605.37,1908,13966.42356,n
753,Nevada,35159,53578457.49,1072,11153.45767,n
754,Maine,41196,70523174.05,1410,14362.10145,n
755,Nevada,36127,38009537.25,760,14237.50301,n
756,Nevada,45839,80909226.21,1618,15009.3647,y
757,New Mexico,35367,66763463.32,1335,17954.48234,y
758,West Virginia,29006,43864418.62,877,12043.53063,n
759,Idaho,38021,56710291.62,1134,17657.17973,n
760,Wisconsin,43567,54818572.55,1096,15358.76169,y
761,Delaware,13148,24431727.96,489,18154.52108,y
762,Minnesota,48313,86185541.96,1724,16269.12628,n
763,Nevada,33891,49888832.79,998,15717.83289,y
764,Wyoming,21387,24137017.14,483,16078.66495,n
765,Washington,42645,47889016.73,958,14928.12626,n
766,Florida,35182,59764072.42,1195,15015.29284,n
767,Louisiana,45208,83773709.13,1675,15647.71144,y
768,Massachusetts,49595,56917051.69,1138,12393.22137,n
769,Ohio,20223,21611105.62,432,14957.55558,y
770,Minnesota,30215,43136837.46,863,14725.26227,y
771,Oklahoma,25874,51615668.3,1032,14398.33066,n
772,Indiana,25048,33816879.65,676,15121.53087,n
773,Missouri,21606,39844075.45,797,15784.81775,n
774,Delaware,26812,46412255.48,928,15262.71182,n
775,Iowa,34252,50603719.05,1012,13578.01477,n
776,Michigan,23129,30478939.29,610,15699.81584,n
777,Delaware,32987,51196461.54,1024,16053.83523,n
778,Mississippi,33017,33031680.64,661,15714.36258,n
779,Illinois,46881,80586077.81,1612,12235.51185,n
780,New York,35048,49282606.55,986,13453.89648,y
781,Alabama,46693,68041041.32,1361,15975.41556,n
782,Oregon,28611,48069087.32,961,15149.33494,n
783,Alabama,44386,81245719.62,1625,14278.04039,n
784,Iowa,23714,39372000.98,787,14648.40433,n
785,Arkansas,34692,41234303.37,825,14936.63502,y
786,Indiana,43344,84113452.15,1682,15067.02741,n
787,New Mexico,41689,81053367.47,1621,12320.09153,y
788,Hawaii,23337,29498179.37,590,18285.65981,n
789,Washington,37085,45583459.52,912,15825.77446,n
790,South Dakota,17972,28290916.54,566,13907.10262,n
791,Alabama,45820,62706576.27,1254,14266.9532,n
792,Arkansas,27872,42121557.1,842,13844.8332,n
793,Montana,27158,49645322.75,993,17102.15097,n
794,Wisconsin,18638,27883122.51,558,17747.7963,n
795,Oklahoma,28817,30635867.89,613,14819.3955,n
796,Montana,32031,51557281.16,1031,16866.21061,n
797,Mississippi,18596,19406690.54,388,15448.92983,n
798,Virginia,49847,97860765.5,1957,14338.29508,n
799,Missouri,48847,69718154.66,1394,15284.93847,n
800,Florida,48053,89672630.61,1793,15738.52473,y
801,Mississippi,31493,53878723.64,1078,13265.57449,n
802,Delaware,25881,27851673.56,557,17077.78638,n
803,Minnesota,57371,99412541.49,1988,17022.61217,n
804,Virginia,28005,50412549.13,1008,13967.54019,n
805,Vermont,37223,37663173.45,753,13734.8276,y
806,South Dakota,49896,78117868.41,1562,14285.11951,n
807,Minnesota,51649,59168849.89,1183,13553.11841,n
808,Minnesota,45321,87856679.7,1757,17125.02807,n
809,Missouri,52084,59724730.73,1194,14961.75459,n
810,Nevada,52960,72832154.79,1457,14985.45332,n
811,South Carolina,38539,66767379.17,1335,13818.92342,n
812,Oregon,28335,46368443.06,927,14150.59719,y
813,Texas,51664,90664463.31,1813,14341.11337,n
814,North Carolina,50088,52863618.09,1057,12253.15588,n
815,Georgia,22270,25783585.07,516,16665.5259,n
816,Michigan,32428,36710094.56,734,13992.62887,y
817,Delaware,34168,58857392.48,1177,14583.70625,y
818,Virginia,16819,18231712.6,365,14458.79636,n
819,Alaska,27097,32970336.02,659,16219.06561,n
820,Connecticut,24079,40326401.99,807,13139.65908,n
821,Delaware,29478,55608797.61,1112,16336.50165,n
822,Oregon,50382,86339370.72,1727,14935.73506,n
823,Louisiana,29972,30540777.26,611,11642.69403,n
824,West Virginia,28791,40813235.21,816,13385.07853,n
825,North Dakota,59551,88436993.82,1769,15627.68373,n
826,Washington,50429,97994207.58,1960,15720.32818,y
827,Hawaii,58998,97414838.95,1948,15029.73714,n
828,New York,49261,88525739.78,1771,15747.08951,n
829,Idaho,28812,42457272.69,849,13498.50968,n
830,Georgia,56388,79200577.15,1584,13927.85069,n
831,South Dakota,30929,32638153.97,653,15057.02762,y
832,Wyoming,37912,60075375.98,1202,13341.45242,n
833,New Mexico,53092,82631285.33,1653,13149.73171,n
834,Washington,32001,53228347.31,1065,13073.81953,n
835,Vermont,66864,109463375.8,2189,15269.36095,n
836,Alaska,33405,51012147.86,1020,13699.91919,y
837,New York,49214,75461421.12,1509,14479.68334,n
838,Oklahoma,40281,42428985.96,849,15847.70377,y
839,Pennsylvania,29715,37185194.76,744,15356.82141,n
840,Montana,62329,90312126.04,1806,15379.76855,n
841,Maryland,56297,62750104.61,1255,16219.73876,y
842,Kansas,69873,92498415.24,1850,15274.26868,n
843,Hawaii,23558,44987564.53,900,14058.81989,n
844,New Mexico,26851,35967371.84,719,17096.16315,y
845,Hawaii,38643,69385991.5,1388,17806.80778,n
846,Maryland,27685,47728880.8,955,14805.53125,n
847,Maryland,23013,34038130.52,681,12673.15802,n
848,Florida,28875,48332403.69,967,13513.0918,y
849,North Carolina,46656,54416679.98,1088,14741.61233,n
850,Virginia,35896,70336368.26,1407,15281.01923,n
851,Vermont,48690,50479514.62,1010,14889.7885,n
852,Maryland,59499,84640638.1,1693,16292.39302,y
853,Connecticut,42901,76495785.9,1530,13078.58066,n
854,Texas,45669,90308603.58,1806,15938.68512,n
855,Texas,56298,65143158.65,1303,12555.76255,y
856,Kentucky,38687,56875982.79,1138,15214.59866,n
857,Wyoming,22660,39009236.45,780,15180.11894,n
858,North Carolina,18458,30066402.71,601,16781.74263,n
859,Mississippi,52521,83656464.83,1673,15846.14915,n
860,Connecticut,30771,46628943.1,933,12480.49314,n
861,Rhode Island,41776,55400639.09,1108,15154.06434,n
862,Massachusetts,21327,34376053.91,688,12712.9157,n
863,Connecticut,49117,64705126.8,1294,13818.73208,n
864,Idaho,42595,56830356.24,1137,17549.00174,y
865,Florida,22142,36382827.54,728,15802.73964,n
866,California,45711,65157318.83,1303,14388.80561,n
867,Michigan,48402,91068903.59,1821,13669.03749,n
868,North Dakota,26956,51210923.17,1024,14601.6532,y
869,Minnesota,51264,60784056.7,1216,14691.55347,n
870,Indiana,15600,23758315.79,475,16541.26448,n
871,Florida,23405,44426953.93,889,16581.44531,n
872,Indiana,41581,57456237.97,1149,17289.24121,n
873,Oklahoma,46843,62147134.75,1243,15758.82556,n
874,Rhode Island,30081,51969004.17,1039,15370.45999,n
875,Nevada,48338,88061064.41,1761,15473.4472,n
876,West Virginia,48595,58194307.34,1164,14021.6956,n
877,Illinois,56134,90296426.51,1806,15371.65557,n
878,Florida,48065,68759784.87,1375,13588.15577,n
879,California,32393,42528127.63,851,15816.84001,n
880,North Carolina,29719,52461112.79,1049,13686.27005,n
881,Michigan,28308,48018684.97,960,14379.87429,y
882,Colorado,24184,45343068.98,907,15292.44416,n
883,Maryland,48591,87365858.05,1747,13541.71073,y
884,Massachusetts,48644,53874204.62,1077,14630.09556,y
885,North Carolina,32944,60482287.42,1210,15637.30263,n
886,Idaho,42928,82136090.23,1643,15619.05642,n
887,Arkansas,53640,55516134.2,1110,14584.38639,n
888,Delaware,26068,43241778.5,865,14349.01599,n
889,Wyoming,19216,31380837.9,628,15121.09807,n
890,Texas,15573,22032624.03,441,15631.9211,n
891,South Dakota,39400,56080297.96,1122,15482.14372,n
892,California,42766,56136418.43,1123,16512.14083,n
893,Alaska,58484,105014479.1,2100,16385.60325,n
894,Massachusetts,45338,65682912.83,1314,13952.45921,y
895,Texas,21647,40471433.93,809,15339.50436,y
896,Maine,35502,42138143.94,843,13139.42091,n
897,Minnesota,42960,74330810.75,1487,15646.23271,n
898,Connecticut,53068,94126226.94,1883,15463.55121,n
899,Missouri,34267,64979739.5,1300,17161.11899,n
900,Nebraska,31105,47145869.61,943,16980.40139,n
901,South Dakota,44116,46074675.41,921,15513.87169,y
902,Virginia,36820,69059355.5,1381,13421.70159,y
903,North Dakota,24894,45531165.09,911,15062.39795,n
904,New York,19065,22987466.03,460,15107.85897,n
905,Connecticut,55118,56063501.2,1121,13186.45896,y
906,Tennessee,51047,54979664.92,1100,17296.11485,y
907,Ohio,51681,65376868.82,1308,14758.55606,n
908,Minnesota,51298,97752203.68,1955,12980.51037,n
909,Florida,23153,40014842.15,800,16456.59047,n
910,Rhode Island,36243,65795215.24,1316,16032.13384,n
911,Nebraska,58242,91652579.95,1833,16397.38548,y
912,Alaska,30878,33456384.56,669,15054.46437,n
913,South Carolina,28801,53082229.02,1062,17250.84136,n
914,Vermont,49922,92892282.65,1858,15333.69274,n
915,Connecticut,40062,48637217.71,973,14341.20541,n
916,New Jersey,23996,36857496.66,737,15467.34891,y
917,Arkansas,44650,54151483.81,1083,15978.79143,n
918,South Carolina,30240,54070670.82,1081,14874.40456,n
919,Idaho,22260,34292875.14,686,15394.21031,n
920,Minnesota,15083,23331193.71,467,14753.97265,n
921,South Carolina,51395,99982728.23,2000,14447.97355,y
922,Georgia,39331,44448435.69,889,14755.56593,n
923,Texas,20420,26272129.93,525,16608.43843,n
924,Mississippi,35433,53607991.2,1072,16744.34378,y
925,Washington,30316,54178971.77,1084,14259.17607,n
926,New Mexico,52941,77849170.67,1557,15959.99218,y
927,Ohio,37802,52366392.98,1047,16219.69371,y
928,Tennessee,27446,51670909.83,1033,14558.52727,y
929,Kansas,52123,102363694.7,2047,17032.23067,n
930,Rhode Island,26243,30551559.35,611,15661.07068,n
931,Oregon,50698,58216722.81,1164,17409.23018,n
932,Georgia,42753,64784472.56,1296,18244.2979,n
933,New Mexico,44671,84656772.96,1693,16146.87468,y
934,Oregon,38287,52307214.76,1046,13144.06649,n
935,North Carolina,54454,62387756.22,1248,15438.92133,n
936,Massachusetts,26300,36243799.96,725,16293.49367,n
937,West Virginia,26145,40263470.91,805,14732.5515,n
938,Maine,48361,56280008.56,1126,16185.10409,y
939,Arkansas,45318,54097458.83,1082,14294.3852,n
940,Florida,42838,61737826.49,1235,14722.70397,n
941,Mississippi,28318,54496928.18,1090,14040.25666,y
942,North Carolina,50203,59312172.73,1186,14873.93087,n
943,Washington,41995,60121478.35,1202,14856.623,n
944,Utah,46637,48461435.28,969,15553.84816,n
945,Nebraska,29770,43043106.82,861,16185.05654,n
946,Hawaii,22344,23842903.69,477,18329.45901,n
947,New York,56977,65586774.46,1312,14675.65736,n
948,Illinois,22147,37038139.04,741,13337.04559,n
949,Arizona,60895,62509264.28,1250,14452.67604,n
950,Florida,49173,53888872.58,1078,16195.67903,n
951,Colorado,31090,49698526.75,994,13478.82863,y
952,Idaho,49902,69833480.76,1397,14625.24536,y
953,Utah,34844,49169656.99,983,11646.93972,n
954,Colorado,41787,62926553.62,1259,14664.27936,n
955,South Carolina,41042,49142324.95,983,14226.84966,n
956,Georgia,46724,54407660.11,1088,15973.42108,y
957,West Virginia,36712,55606687.39,1112,14800.89972,y
958,Iowa,26235,46190185.66,924,15980.49436,n
959,Ohio,32113,37910342.64,758,13451.61851,n
960,Alaska,43449,58078529.72,1162,16129.33196,n
961,Washington,58914,97304362.16,1946,12748.80245,n
962,Arkansas,32495,54557580.98,1091,15448.04406,y
963,Idaho,36726,51651604.45,1033,16855.77551,n
964,Arizona,33481,44795610.43,896,17160.79219,n
965,Kentucky,35852,57166237.27,1143,15305.42421,n
966,Wisconsin,52466,74193944.22,1484,13400.05697,n
967,Rhode Island,48237,92630093.47,1853,17792.07354,n
968,Maryland,43207,54137389.75,1083,14711.71252,n
969,Oregon,46801,91478516.99,1830,16346.95647,n
970,Arizona,28619,31729304.92,635,15356.18229,n
971,Indiana,52840,94511586.2,1890,16792.51984,n
972,Florida,29624,51299041.61,1026,16386.31399,n
973,Wyoming,52436,71872094.86,1437,16481.97715,n
974,Tennessee,36277,63755283.66,1275,12640.83631,n
975,Massachusetts,48232,57666539.23,1153,13972.72119,n
976,Kansas,34249,39290681.81,786,16773.27286,y
977,Alabama,46111,81363856.57,1627,13586.88252,y
978,Arkansas,52702,53792790.69,1076,17134.47111,n
979,Kansas,44124,53814443.94,1076,13266.0883,n
980,Alabama,18641,33306531.04,666,18576.78897,y
981,Indiana,19699,22068845.81,441,13885.64584,n
982,South Carolina,31559,59236506.83,1185,14352.92206,n
983,Oklahoma,56603,85508166.93,1710,14750.41078,y
984,Oklahoma,16711,19369581.84,387,16308.38918,n
985,Louisiana,29013,43570645.21,871,11508.29899,n
986,Oregon,47921,72415449.81,1448,15035.17908,n
987,Arkansas,45043,46233793.07,925,17378.51532,y
988,Virginia,59123,96219066.29,1924,15365.52065,y
989,Arizona,56118,66486189.53,1330,16442.08114,y
990,Massachusetts,54187,63365039.92,1267,17498.71329,y
991,Massachusetts,32388,52311842.3,1046,16730.11216,n
992,Alaska,29294,47941480.57,959,14835.60278,n
993,Tennessee,23724,36390060.77,728,14010.60366,n
994,Louisiana,54811,68082537.95,1362,12695.4712,n
995,Texas,39536,62719114.6,1254,13275.78342,n
996,South Dakota,31826,44143179.24,883,16531.00598,n
997,New York,31405,48907677.64,978,13936.48475,n
998,New York,30219,36333953.55,727,15924.52631,n
999,New Hampshire,28951,32103225.12,642,16304.55278,n
1000,Vermont,27078,46945083.06,939,14375.77639,y